review,label
The product arrived on time and works as expected,genuine
Good build quality and the size is exactly as described,genuine
The package was damaged but the product itself works fine,genuine
Battery life is decent for the price,genuine
The product stopped working after two days,genuine
"The color is slightly different from the picture, but overall it is useful",genuine
Delivery took longer than expected but the item was packed well,genuine
The material feels cheap and I am not satisfied with the purchase,genuine
I have been using this for a month and it still works well,genuine
The product is smaller than I expected,genuine
"Sound quality is clear, although the bass could be better",genuine
It fits comfortably and is easy to use,genuine
The charger works properly and charges the phone quickly,genuine
The item had a small scratch when it arrived,genuine
For this price the quality is acceptable,genuine
The instructions were easy to follow and setup took ten minutes,genuine
"I expected better quality, but it is usable",genuine
The product looks good and performs well in daily use,genuine
"One part was missing from the package, so I contacted the seller",genuine
"It works as advertised, but the buttons feel a little stiff",genuine
The product is completely damaged and does not work,genuine
"Excellent product, very good quality and useful for everyday work",genuine
"I am happy with the purchase, but delivery was late",genuine
The screen is bright and the controls are simple,genuine
The product quality is average and there are some minor issues,genuine
BEST PRODUCT EVER!!! BUY NOW!!! FIVE STARS!!!,fake
"Amazing amazing amazing product, everyone must buy this",fake
"100% perfect product!!! No need to think, buy immediately",fake
Excellent product!!! Five stars!!! Highly recommended!!!,fake
Best purchase ever!!! This is the greatest product on earth,fake
Buy this now and you will never regret it!!!,fake
Perfect perfect perfect!!! Amazing quality!!!,fake
Everyone should buy this product immediately!!!,fake
"The best product, the best seller, the best service!!!",fake
WOW WOW WOW!!! Absolutely perfect!!! Five stars!!!,fake
Amazing product!!! Amazing quality!!! Amazing experience!!!,fake
Must buy!!! Must buy!!! Must buy!!!,fake
This product is perfect in every way and has no problems at all!!!,fake
Best deal ever!!! Hurry up and buy before it is gone!!!,fake
Excellent excellent excellent!!! Nothing can be better than this,fake
I cannot believe how perfect this product is!!! 100% recommended!!!,fake
Five stars for everything!!! Perfect product!!!,fake
Buy immediately!!! You will love it!!! Best product ever!!!,fake
Absolutely fantastic!!! Everyone needs this product!!!,fake
Super amazing product!!! Perfect quality!!! Perfect price!!!,fake
This is the number one product!!! Buy now!!!,fake
Incredible product!!! No negative points at all!!!,fake
Amazing deal!!! Best purchase!!! Highly highly recommended!!!,fake
Perfect item!!! Excellent service!!! Five stars without doubt!!!,fake
The greatest product ever made!!! Everyone must have it!!!,fake
"Very good product and good quality",genuine
"Product works perfectly",genuine
"Happy with my purchase",genuine
"Best product ever buy now",fake
"Amazing amazing amazing product",fake
"Good quality product and works well",genuine
"Product arrived safely and on time",genuine
"I am satisfied with the product quality",genuine
"The product is useful for daily needs",genuine
"Good packaging and fast delivery",genuine
"Product works as described",genuine
"Quality is acceptable for the price",genuine
"I have been using this product for a week and it works well",genuine
"Product looks good and feels durable",genuine
"Delivery was quick and the item was safe",genuine
"Good product but the packaging could be better",genuine
"I like the design and performance",genuine
"The product matches the description",genuine
"Reasonable price and decent quality",genuine
"Product is easy to use",genuine
"I am happy with the purchase",genuine
"The item arrived without any damage",genuine
"Performance is good for this price",genuine
"Product quality is better than expected",genuine
"Useful product and good customer service",genuine
"Works properly after several days of use",genuine
"The product is simple and reliable",genuine
"Good experience with this purchase",genuine
"Product is worth the money",genuine
"I would recommend this product based on my experience",genuine
"Best product ever buy it immediately",fake
"Amazing amazing amazing product everyone must buy",fake
"Five stars perfect product no doubt",fake
"100 percent best product in the world",fake
"Buy now this is the greatest product ever",fake
"Absolutely perfect unbelievable amazing product",fake
"Everyone needs this fantastic product",fake
"Best purchase ever made no negative points",fake
"Super amazing product highly recommended buy now",fake
"Perfect perfect perfect product",fake
"Number one product everyone should buy",fake
"Excellent amazing wonderful perfect product",fake
"Buy immediately you will never regret it",fake
"World's best product five stars guaranteed",fake
"Amazing deal best product ever buy now",fake
"No other product can beat this amazing item",fake
"Fantastic product everyone must purchase today",fake
"Perfect quality perfect price perfect product",fake
"Unbelievable product simply the best",fake
"Must buy this incredible product right now",fake
"Awesome awesome awesome product no complaints",fake
"Best item ever made highly highly recommended",fake
"Five stars amazing excellent outstanding product",fake
"Buy this product now now now",fake
"The most perfect product you will ever find",fake